original string|restaurant name|city name|address
Adriano's Ristorante 2930 Beverly Glen Circle Los Angeles|Adriano's Ristorante|Los Angeles|2930 Beverly Glen Circle
Arnie Morton's of Chicago 435 S. La Cienega Blvd. Los Angeles|Arnie Morton's of Chicago|Los Angeles|435 S. La Cienega Blvd.
Art's Delicatessen 12224 Ventura Blvd. Studio City|Art's Delicatessen|Studio City|12224 Ventura Blvd.
Barney Greengrass 9570 Wilshire Blvd. Beverly Hills|Barney Greengrass|Beverly Hills|9570 Wilshire Blvd.
Beaurivage 26025 Pacific Coast Hwy. Malibu|Beaurivage|Malibu|26025 Pacific Coast Hwy.
Bistro Garden 176 N. Canon Dr. Los Angeles|Bistro Garden|Los Angeles|176 N. Canon Dr.
Border Grill 4th St. Los Angeles|Border Grill|Los Angeles|4th St.
Broadway Deli 3rd St. Promenade Santa Monica|Broadway Deli|Promenade Santa Monica|3rd St.
Ca'Brea 346 S. La Brea Ave. Los Angeles|Ca'Brea|Los Angeles|346 S. La Brea Ave.
Ca'del Sol 4100 Cahuenga Blvd. Los Angeles|Ca'del Sol|Los Angeles|4100 Cahuenga Blvd.
Cafe Bizou 14016 Ventura Blvd. Sherman Oaks|Cafe Bizou|Sherman Oaks|14016 Ventura Blvd.
Cafe Pinot 700 W. Fifth St. Los Angeles|Cafe Pinot|Los Angeles|700 W. Fifth St.
California Pizza Kitchen 207 S. Beverly Dr. Los Angeles|California Pizza Kitchen|Los Angeles|207 S. Beverly Dr.
Campanile 624 S. La Brea Ave. Los Angeles|Campanile|Los Angeles|624 S. La Brea Ave.
Canter's 419 N. Fairfax Ave. Los Angeles|Canter's|Los Angeles|419 N. Fairfax Ave.
Cava 3rd St. Los Angeles|Cava|Los Angeles|3rd St.
Cha Cha Cha 656 N. Virgil Ave. Los Angeles|Cha Cha Cha|Los Angeles|656 N. Virgil Ave.
Chan Dara 310 N. Larchmont Blvd. Los Angeles|Chan Dara|Los Angeles|310 N. Larchmont Blvd.
Chinois on Main 2709 Main St. Santa Monica|Chinois on Main|Santa Monica|2709 Main St.
Citrus 6703 Melrose Ave. Los Angeles|Citrus|Los Angeles|6703 Melrose Ave.
Clearwater Cafe 168 W. Colorado Blvd. Los Angeles|Clearwater Cafe|Los Angeles|168 W. Colorado Blvd.
Dining Room 9500 Wilshire Blvd. Los Angeles|Dining Room|Los Angeles|9500 Wilshire Blvd.
Dive! 10250 Santa Monica Blvd. Los Angeles|Dive!|Los Angeles|10250 Santa Monica Blvd.
Drago 2628 Wilshire Blvd. Santa Monica|Drago|Santa Monica|2628 Wilshire Blvd.
Drai's 730 N. La Cienega Blvd. Los Angeles|Drai's|Los Angeles|730 N. La Cienega Blvd.
Dynasty Room 930 Hilgard Ave. Los Angeles|Dynasty Room|Los Angeles|930 Hilgard Ave.
Eclipse 8800 Melrose Ave. Los Angeles|Eclipse|Los Angeles|8800 Melrose Ave.
Ed Debevic's 134 N. La Cienega Los Angeles|Ed Debevic's|La Cienega Los Angeles|134 N.
El Cholo 1121 S. Western Ave. Los Angeles|El Cholo|Los Angeles|1121 S. Western Ave.
Fenix 8358 Sunset Blvd. West Hollywood|Fenix|West Hollywood|8358 Sunset Blvd.
Gilliland's 2424 Main St. Santa Monica|Gilliland's|Santa Monica|2424 Main St.
Gladstone's 4 Fish 17300 Pacific Coast Hwy. at Sunset Blvd. Pacific Palisades|Gladstone's|Pacific Palisades|4 Fish 17300 Pacific Coast Hwy. at Sunset Blvd.
Granita 23725 W. Malibu Rd. Malibu|Granita|Malibu|23725 W.  Rd.
Grill on the Alley 9560 Dayton Way Los Angeles|Grill on the Alley|Los Angeles|9560 Dayton Way
Hard Rock Cafe 8600 Beverly Blvd. Los Angeles|Hard Rock Cafe|Los Angeles|8600 Beverly Blvd.
Harry's Bar & American Grill 2020 Ave. of the Stars Los Angeles|Harry's Bar & American Grill|of the Stars Los Angeles|2020 Ave.
Hotel Bel-Air 701 Stone Canyon Rd. Bel Air|Hotel Bel-Air|Bel Air|701 Stone Canyon Rd.
Il Fornaio Cucina Italiana 301 N. Beverly Dr. Los Angeles|Il Fornaio Cucina Italiana|Los Angeles|301 N. Beverly Dr.
Jack Sprat's Grill 10668 W. Pico Blvd. Los Angeles|Jack Sprat's Grill|Los Angeles|10668 W. Pico Blvd.
Jackson's Farm 439 N. Beverly Drive Los Angeles|Jackson's Farm|Beverly Drive Los Angeles|439 N.
Jimmy's 201 Moreno Dr. Los Angeles|Jimmy's|Los Angeles|201 Moreno Dr.
Joss 9255 Sunset Blvd. Los Angeles|Joss|Los Angeles|9255 Sunset Blvd.
L'Orangerie 903 N. La Cienega Blvd. Los Angeles|L'Orangerie|Los Angeles|903 N. La Cienega Blvd.
Le Chardonnay 8284 Melrose Ave. Los Angeles|Le Chardonnay|Los Angeles|8284 Melrose Ave.
Le Colonial 8783 Beverly Blvd. Los Angeles|Le Colonial|Los Angeles|8783 Beverly Blvd.
Le Dome 8720 Sunset Blvd. Los Angeles|Le Dome|Los Angeles|8720 Sunset Blvd.
Locanda Veneta 3rd St. Los Angeles|Locanda Veneta|Los Angeles|3rd St.
Louise's Trattoria 4500 Los Feliz Blvd. Los Angeles|Louise's Trattoria|Los Angeles|4500 Los Feliz Blvd.
Matsuhisa 129 N. La Cienega Blvd. Beverly Hills|Matsuhisa|Beverly Hills|129 N. La Cienega Blvd.
Mon Kee Seafood Restaurant 679 N. Spring St. Los Angeles|Mon Kee Seafood Restaurant|Los Angeles|679 N. Spring St.
Morton's 8764 Melrose Ave. Los Angeles|Morton's|Los Angeles|8764 Melrose Ave.
Nate 'n' Al's 414 N. Beverly Dr. Los Angeles|Nate 'n' Al's|Los Angeles|414 N. Beverly Dr.
Nicola 601 S. Figueroa St. Los Angeles|Nicola|Los Angeles|601 S. Figueroa St.
Ocean Avenue 1401 Ocean Ave. Santa Monica|Ocean Avenue|Santa Monica|1401 Ocean Ave.
Orleans 11705 National Blvd. Los Angeles|Orleans|Los Angeles|11705 National Blvd.
Pacific Dining Car 6th St. Los Angeles|Pacific Dining Car|Los Angeles|6th St.
Patina 5955 Melrose Ave. Los Angeles|Patina|Los Angeles|5955 Melrose Ave.
Paty's 10001 Riverside Dr. Toluca Lake|Paty's|Toluca Lake|10001 Riverside Dr.
Philippe's The Original 1001 N. Alameda St. Los Angeles|Philippe's The Original|Los Angeles|1001 N. Alameda St.
Pinot Bistro 12969 Ventura Blvd. Los Angeles|Pinot Bistro|Los Angeles|12969 Ventura Blvd.
Pinot Hollywood 1448 N. Gower St. Los Angeles|Pinot Hollywood|Los Angeles|1448 N. Gower St.
Posto 14928 Ventura Blvd. Sherman Oaks|Posto|Sherman Oaks|14928 Ventura Blvd.
Prego 362 N. Camden Dr. Los Angeles|Prego|Los Angeles|362 N. Camden Dr.
RJ'S the Rib Joint 252 N. Beverly Dr. Los Angeles|RJ'S the Rib Joint|Los Angeles|252 N. Beverly Dr.
Remi 3rd St. Promenade Santa Monica|Remi|Promenade Santa Monica|3rd St.
Restaurant Horikawa 111 S. San Pedro St. Los Angeles|Restaurant Horikawa|Los Angeles|111 S. San Pedro St.
Restaurant Katsu 1972 N. Hillhurst Ave. Los Angeles|Restaurant Katsu|Los Angeles|1972 N. Hillhurst Ave.
Rex Il Ristorante 617 S. Olive St. Los Angeles|Rex Il Ristorante|Los Angeles|617 S. Olive St.
Roscoe's House of Chicken 'n' Waffles 1514 N. Gower St. Los Angeles|Roscoe's House of Chicken 'n' Waffles|Los Angeles|1514 N. Gower St.
Schatzi on Main 3110 Main St. Los Angeles|Schatzi on Main|Los Angeles|3110 Main St.
Sofi 3rd St. Los Angeles|Sofi|Los Angeles|3rd St.
Spago 1114 Horn Ave. Los Angeles|Spago|Los Angeles|1114 Horn Ave.
Swingers 8020 Beverly Blvd. Los Angeles|Swingers|Los Angeles|8020 Beverly Blvd.
Tavola Calda 7371 Melrose Ave. Los Angeles|Tavola Calda|Los Angeles|7371 Melrose Ave.
The Mandarin 430 N. Camden Dr. Los Angeles|The Mandarin|Los Angeles|430 N. Camden Dr.
The Palm 9001 Santa Monica Blvd. Los Angeles|The Palm|Los Angeles|9001 Santa Monica Blvd.
Tommy Tang's 7313 Melrose Ave. Los Angeles|Tommy Tang's|Los Angeles|7313 Melrose Ave.
Tra di Noi 3835 Cross Creek Rd. Los Angeles|Tra di Noi|Los Angeles|3835 Cross Creek Rd.
Trader Vic's 9876 Wilshire Blvd. Los Angeles|Trader Vic's|Los Angeles|9876 Wilshire Blvd.
Valentino 3115 Pico Blvd. Santa Monica|Valentino|Santa Monica|3115 Pico Blvd.
Vida 1930 North Hillhurst Ave. Los Feliz|Vida|Los Feliz|1930 North Hillhurst Ave.
West Beach Cafe 60 N. Venice Blvd. Los Angeles|West Beach Cafe|Los Angeles|60 N. Venice Blvd.
Yujean Kang's Gourmet Chinese Cuisine 67 N. Raymond Ave. Los Angeles|Yujean Kang's Gourmet Chinese Cuisine|Los Angeles|67 N. Raymond Ave.
21 Club 21 W. 52nd St. New York|21 Club|New York|21 W. 52nd St.
20 Mott 20 Mott St.  between Bowery and Pell St. New York|20 Mott|New York|St.  between Bowery and Pell St.
9 Jones Street 9 Jones St. New York|9 Jones Street|New York|9 Jones St.
Adrienne 700 5th Ave. at 55th St. New York|Adrienne|New York|700 5th Ave. at 55th St.
Agrotikon 322 E. 14 St.  between 1st and 2nd Aves. New York|Agrotikon|New York|322 E. 14 St.  between 1st and 2nd Aves.
Aja 937 Broadway at 22nd St. New York|Aja|New York|937 Broadway at 22nd St.
Alamo 304 E. 48th St. New York|Alamo|New York|304 E. 48th St.
Alley's End 311 W. 17th St. New York|Alley's End|New York|311 W. 17th St.
Ambassador Grill 1 United Nations Plaza at 44th St. New York|Ambassador Grill|New York|1 United Nations Plaza at 44th St.
American Place 2 Park Ave. at 32nd St. New York|American Place|New York|2 Park Ave. at 32nd St.
Anche Vivolo 222 E. 58th St.  between 2nd and 3rd Aves. New York|Anche Vivolo|New York|222 E. 58th St.  between 2nd and 3rd Aves.
Aquavit 13 W. 54th St. New York|Aquavit|New York|13 W. 54th St.
Arizona 206 206 E. 60th St. New York|Arizona|New York|206 206 E. 60th St.
Arturo's 106 W. Houston St.  off Thompson St. New York|Arturo's|New York|106 W. Houston St.  off Thompson St.
Au Mandarin 200-250 Vesey St. World Financial Center New York|Au Mandarin|World Financial Center New York|200-250 Vesey St.
Aureole 34 E. 61st St. New York|Aureole|New York|34 E. 61st St.
Bar Anise 1022 3rd Ave.  between 60th and 61st Sts. New York|Bar Anise|New York|1022 3rd Ave.  between 60th and 61st Sts.
Barbetta 321 W. 46th St. New York|Barbetta|New York|321 W. 46th St.
Ben Benson's 123 W. 52nd St. New York|Ben Benson's|New York|123 W. 52nd St.
Big Cup 228 8th Ave.  between 21st and 22nd Sts. New York|Big Cup|New York|228 8th Ave.  between 21st and 22nd Sts.
Billy's 948 1st Ave.  between 52nd and 53rd Sts. New York|Billy's|New York|948 1st Ave.  between 52nd and 53rd Sts.
Boca Chica 13 1st Ave.  near 1st St. New York|Boca Chica|New York|13 1st Ave.  near 1st St.
Bolo 23 E. 22nd St. New York|Bolo|New York|23 E. 22nd St.
Boonthai 1393A 2nd Ave.  between 72nd and 73rd Sts. New York|Boonthai|New York|1393A 2nd Ave.  between 72nd and 73rd Sts.
Bouterin 420 E. 59th St.  off 1st Ave. New York|Bouterin|New York|420 E. 59th St.  off 1st Ave.
Brothers Bar-B-Q 225 Varick St. at Clarkston St. New York|Brothers Bar-B-Q|New York|225 Varick St. at Clarkston St.
Bruno 240 E. 58th St. New York|Bruno|New York|240 E. 58th St.
Bryant Park Grill  Roof Restaurant and BP Cafe 25 W. 40th St.  between 5th and 6th Aves. New York|Bryant Park Grill  Roof Restaurant and BP Cafe|New York|25 W. 40th St.  between 5th and 6th Aves.
C3 103 Waverly Pl.  near Washington Sq. New York|C|New York|3 103 Waverly Pl.  near Washington Sq.
CT 111 E. 22nd St.  between Park Ave. S and Lexington Ave. New York|CT|New York|111 E. 22nd St.  between Park Ave. S and Lexington Ave.
Caf&eacute; Bianco 1486 2nd Ave.  between 77th and 78th Sts. New York|Caf&eacute; Bianco|New York|1486 2nd Ave.  between 77th and 78th Sts.
Caf&eacute; Botanica 160 Central Park S New York|Caf&eacute; Botanica|New York|160 Central Park S
Caf&eacute; La Fortuna 69 W. 71st St. New York|Caf&eacute; La Fortuna|New York|69 W. 71st St.
Caf&eacute; Lalo 201 W. 83rd St. New York|Caf&eacute; Lalo|New York|201 W. 83rd St.
Caf&eacute; Luxembourg 200 W. 70th St. New York|Caf&eacute; Luxembourg|New York|200 W. 70th St.
Caf&eacute; Pierre 2 E. 61st St. New York|Caf&eacute; Pierre|New York|2 E. 61st St.
Caf&eacute; des Artistes 1 W. 67th St. New York|Caf&eacute; des Artistes|New York|1 W. 67th St.
Cafe Centro 200 Park Ave.  between 45th St. and Vanderbilt Ave. New York|Cafe Centro|New York|200 Park Ave.  between 45th St. and Vanderbilt Ave.
Cafe Fes 246 W. 4th St. at Charles St. New York|Cafe Fes|New York|246 W. 4th St. at Charles St.
Caff&egrave; Dante 81 Macdougal St.  between Houston and Bleeker Sts. New York|Caff&egrave; Dante|New York|81 Macdougal St.  between Houston and Bleeker Sts.
Caff&egrave; Dell'Artista 46 Greenwich Ave. New York|Caff&egrave; Dell'Artista|New York|46 Greenwich Ave.
Caff&egrave; Lure 169 Sullivan St.  between Houston and Bleecker Sts. New York|Caff&egrave; Lure|New York|169 Sullivan St.  between Houston and Bleecker Sts.
Caff&egrave; Reggio 119 MacDougal St.  between 3rd and Bleecker Sts. New York|Caff&egrave; Reggio|New York|119 MacDougal St.  between 3rd and Bleecker Sts.
Caff&egrave; Roma 385 Broome St. at Mulberry New York|Caff&egrave; Roma|at Mulberry New York|385 Broome St.
Caff&egrave; Vivaldi 32 Jones St. at Bleecker St. New York|Caff&egrave; Vivaldi|New York|32 Jones St. at Bleecker St.
Caffe Bondi Ristorante 7 W. 20th St. New York|Caffe Bondi Ristorante|New York|7 W. 20th St.
Capsouto Fr&egrave;res 451 Washington St.  near Watts St. New York|Capsouto Fr&egrave;res|New York|451 Washington St.  near Watts St.
Captain's Table 860 2nd Ave. at 46th St. New York|Captain's Table|New York|860 2nd Ave. at 46th St.
Carmine's 2450 Broadway  between 90th and 91st Sts. New York|Carmine's|New York|2450 Broadway  between 90th and 91st Sts.
Carnegie Deli 854 7th Ave.  between 54th and 55th Sts. New York|Carnegie Deli|New York|854 7th Ave.  between 54th and 55th Sts.
Casa La Femme 150 Wooster St.  between Houston and Prince Sts. New York|Casa La Femme|New York|150 Wooster St.  between Houston and Prince Sts.
Cendrillon Asian Grill & Marimba Bar 45 Mercer St.  between Broome and Grand Sts. New York|Cendrillon Asian Grill & Marimba Bar|New York|45 Mercer St.  between Broome and Grand Sts.
Chanterelle 2 Harrison St.  near Hudson St. New York|Chanterelle|New York|2 Harrison St.  near Hudson St.
Chez Jacqueline 72 MacDougal St.  between W. Houston and Bleecker Sts. New York|Chez Jacqueline|New York|72 MacDougal St.  between W. Houston and Bleecker Sts.
Chiam 160 E. 48th St. New York|Chiam|New York|160 E. 48th St.
China Grill 60 W. 53rd St. New York|China Grill|New York|60 W. 53rd St.
Cit&eacute; 120 W. 51st St. New York|Cit&eacute;|New York|120 W. 51st St.
Coco Pazzo 23 E. 74th St. New York|Coco Pazzo|New York|23 E. 74th St.
Columbus Bakery 53rd Sts. New York|Columbus Bakery|New York|53rd Sts.
Corrado Caf&eacute; 1013 3rd Ave.  between 60th and 61st Sts. New York|Corrado Caf&eacute;|New York|1013 3rd Ave.  between 60th and 61st Sts.
Cupcake Caf&eacute; 522 9th Ave. at 39th St. New York|Cupcake Caf&eacute;|New York|522 9th Ave. at 39th St.
Da Nico 164 Mulberry St.  between Grand and Broome Sts. New York|Da Nico|New York|164 Mulberry St.  between Grand and Broome Sts.
Daniel 20 E. 76th St. New York|Daniel|New York|20 E. 76th St.
Dawat 210 E. 58th St. New York|Dawat|New York|210 E. 58th St.
Dean & Deluca 121 Prince St. New York|Dean & Deluca|New York|121 Prince St.
Diva 341 W. Broadway  near Grand St. New York|Diva|New York|341 W. Broadway  near Grand St.
Dix et Sept 181 W. 10th St. New York|Dix et Sept|New York|181 W. 10th St.
Docks 633 3rd Ave. at 40th St. New York|Docks|New York|633 3rd Ave. at 40th St.
Duane Park Caf&eacute; 157 Duane St.  between W. Broadway and Hudson St. New York|Duane Park Caf&eacute;|New York|157 Duane St.  between W. Broadway and Hudson St.
El Teddy's 219 W. Broadway  between Franklin and White Sts. New York|El Teddy's|New York|219 W. Broadway  between Franklin and White Sts.
Emily's 1325 5th Ave. at 111th St. New York|Emily's|New York|1325 5th Ave. at 111th St.
Empire Korea 6 E. 32nd St. New York|Empire Korea|New York|6 E. 32nd St.
Ernie's 2150 Broadway  between 75th and 76th Sts. New York|Ernie's|New York|2150 Broadway  between 75th and 76th Sts.
Evergreen Cafe 1288 1st Ave. at 69th St. New York|Evergreen Cafe|New York|1288 1st Ave. at 69th St.
F. Ille Ponte Ristorante 39 Desbrosses St.  near West St. New York|F. Ille Ponte Ristorante|New York|39 Desbrosses St.  near West St.
Felidia 243 E. 58th St. New York|Felidia|New York|243 E. 58th St.
Felix 340 W. Broadway at Grand St. New York|Felix|New York|340 W. Broadway at Grand St.
Ferrier 29 E. 65th St. New York|Ferrier|New York|29 E. 65th St.
Fifty Seven Fifty Seven 57 E. 57th St. New York|Fifty Seven Fifty Seven|New York|57 E. 57th St.
Film Center Cafe 635 9th Ave.  between 44th and 45th Sts. New York|Film Center Cafe|New York|635 9th Ave.  between 44th and 45th Sts.
Fiorello's Roman Caf&eacute; 1900 Broadway  between 63rd and 64th Sts. New York|Fiorello's Roman Caf&eacute;|New York|1900 Broadway  between 63rd and 64th Sts.
Firehouse 522 Columbus Ave.  between 85th and 86th Sts. New York|Firehouse|New York|522 Columbus Ave.  between 85th and 86th Sts.
First 87 1st Ave.  between 5th and 6th Sts. New York|First|New York|87 1st Ave.  between 5th and 6th Sts.
Fishin Eddie 73 W. 71st St. New York|Fishin Eddie|New York|73 W. 71st St.
Fleur de Jour 348 E. 62nd St. New York|Fleur de Jour|New York|348 E. 62nd St.
Flowers 21 West 17th St.  between 5th and 6th Aves. New York|Flowers|New York|21 West 17th St.  between 5th and 6th Aves.
Follonico 6 W. 24th St. New York|Follonico|New York|6 W. 24th St.
Four Seasons Grill Room 99 E. 52nd St. New York|Four Seasons Grill Room|New York|99 E. 52nd St.
Fraunces Tavern 54 Pearl St. at Broad St. New York|Fraunces Tavern|New York|54 Pearl St. at Broad St.
French Roast 458 6th Ave. at 11th St. New York|French Roast|New York|458 6th Ave. at 11th St.
French Roast Caf&eacute; 2340 Broadway at 85th St. New York|French Roast Caf&eacute;|New York|2340 Broadway at 85th St.
Frico Bar 402 W. 43rd St.  off 9th Ave. New York|Frico Bar|New York|402 W. 43rd St.  off 9th Ave.
Fujiyama Mama 467 Columbus Ave.  between 82nd and 83rd Sts. New York|Fujiyama Mama|New York|467 Columbus Ave.  between 82nd and 83rd Sts.
Gabriela's 685 Amsterdam Ave. at 93rd St. New York|Gabriela's|New York|685 Amsterdam Ave. at 93rd St.
Gallagher's 228 W. 52nd St. New York|Gallagher's|New York|228 W. 52nd St.
Gianni's 15 Fulton St. New York|Gianni's|New York|15 Fulton St.
Girafe 208 E. 58th St.  between 2nd and 3rd Aves. New York|Girafe|New York|208 E. 58th St.  between 2nd and 3rd Aves.
Global 33 93 2nd Ave.  between 5th and 6th Sts. New York|Global|New York|33 93 2nd Ave.  between 5th and 6th Sts.
Golden Unicorn 18 E. Broadway at Catherine St. New York|Golden Unicorn|New York|18 E. Broadway at Catherine St.
Gotham Bar & Grill 12 E. 12th St. New York|Gotham Bar & Grill|New York|12 E. 12th St.
Gramercy Tavern 42 E. 20th St.  between Park Ave. S and Broadway New York|Gramercy Tavern|S and Broadway New York|42 E. 20th St.  between Park Ave.
Grand Ticino 228 Thompson St.  between W. 3rd and Bleecker Sts. New York|Grand Ticino|New York|228 Thompson St.  between W. 3rd and Bleecker Sts.
Halcyon 151 W. 54th St.  in the Rihga Royal Hotel New York|Halcyon|in the Rihga Royal Hotel New York|151 W. 54th St.
Hard Rock Cafe 221 W. 57th St. New York|Hard Rock Cafe|New York|221 W. 57th St.
Hi-Life Restaurant and Lounge 1340 1st Ave. at 72nd St. New York|Hi-Life Restaurant and Lounge|New York|1340 1st Ave. at 72nd St.
Home 20 Cornelia St.  between Bleecker and W. 4th St. New York|Home|New York|20 Cornelia St.  between Bleecker and W. 4th St.
Hudson River Club 4 World Financial Center New York|Hudson River Club|New York|4 World Financial Center
I Trulli 122 E. 27th St.  between Lexington and Park Aves. New York|I Trulli|New York|122 E. 27th St.  between Lexington and Park Aves.
Il Cortile 125 Mulberry St.  between Canal and Hester Sts. New York|Il Cortile|New York|125 Mulberry St.  between Canal and Hester Sts.
Il Nido 251 E. 53rd St. New York|Il Nido|New York|251 E. 53rd St.
Inca Grill 492 Broome St.  near W. Broadway New York|Inca Grill|Broadway New York|492 Broome St.  near W.
Indochine 430 Lafayette St.  between 4th St. and Astor Pl. New York|Indochine|New York|430 Lafayette St.  between 4th St. and Astor Pl.
Internet Cafe 82 E. 3rd St.  between 1st and 2nd Aves. New York|Internet Cafe|New York|82 E. 3rd St.  between 1st and 2nd Aves.
Ipanema 13 W. 46th St. New York|Ipanema|New York|13 W. 46th St.
Island Spice 402 W. 44th St. New York|Island Spice|New York|402 W. 44th St.
Jean Lafitte 68 W. 58th St. New York|Jean Lafitte|New York|68 W. 58th St.
Jewel of India 15 W. 44th St. New York|Jewel of India|New York|15 W. 44th St.
Jimmy Sung's 219 E. 44th St.  between 2nd and 3rd Aves. New York|Jimmy Sung's|New York|219 E. 44th St.  between 2nd and 3rd Aves.
Jo Jo 160 E. 64th St. New York|Jo Jo|New York|160 E. 64th St.
Joe Allen 326 W. 46th St. New York|Joe Allen|New York|326 W. 46th St.
Judson Grill 152 W. 52nd St. New York|Judson Grill|New York|152 W. 52nd St.
L'Absinthe 227 E. 67th St. New York|L'Absinthe|New York|227 E. 67th St.
L'Auberge 1191 1st Ave.  between 64th and 65th Sts. New York|L'Auberge|New York|1191 1st Ave.  between 64th and 65th Sts.
L'Auberge Du Midi 310 W. 4th St.  between W. 12th and Bank Sts. New York|L'Auberge Du Midi|New York|310 W. 4th St.  between W. 12th and Bank Sts.
L'Udo 432 Lafayette St.  near Astor Pl. New York|L'Udo|New York|432 Lafayette St.  near Astor Pl.
La Caravelle 33 W. 55th St. New York|La Caravelle|New York|33 W. 55th St.
La Cote Basque 60 W. 55th St.  between 5th and 6th Ave. New York|La Cote Basque|New York|60 W. 55th St.  between 5th and 6th Ave.
La Reserve 4 W. 49th St. New York|La Reserve|New York|4 W. 49th St.
Lanza Restaurant 168 1st Ave.  between 10th and 11th Sts. New York|Lanza Restaurant|New York|168 1st Ave.  between 10th and 11th Sts.
Lattanzi Ristorante 361 W. 46th St. New York|Lattanzi Ristorante|New York|361 W. 46th St.
Layla 211 W. Broadway at Franklin St. New York|Layla|New York|211 W. Broadway at Franklin St.
Le Bernardin 155 W. 51st St. New York|Le Bernardin|New York|155 W. 51st St.
Le Chantilly 106 E. 57th St. New York|Le Chantilly|New York|106 E. 57th St.
Le Colonial 149 E. 57th St. New York|Le Colonial|New York|149 E. 57th St.
Le Gamin 50 MacDougal St.  between Houston and Prince Sts. New York|Le Gamin|New York|50 MacDougal St.  between Houston and Prince Sts.
Le Jardin 25 Cleveland Pl.  near Spring St. New York|Le Jardin|New York|25 Cleveland Pl.  near Spring St.
Le Madri 168 W. 18th St. New York|Le Madri|New York|168 W. 18th St.
Le Marais 150 W. 46th St. New York|Le Marais|New York|150 W. 46th St.
Le P&eacute;rigord 405 E. 52nd St. New York|Le P&eacute;rigord|New York|405 E. 52nd St.
Le Select 507 Columbus Ave.  between 84th and 85th Sts. New York|Le Select|New York|507 Columbus Ave.  between 84th and 85th Sts.
Les C&eacute;l&eacute;brit&eacute;s 160 Central Park S New York|Les C&eacute;l&eacute;brit&eacute;s|New York|160 Central Park S
Les Halles 411 Park Ave. S  between 28th and 29th Sts. New York|Les Halles|New York|411 Park Ave. S  between 28th and 29th Sts.
Lespinasse 2 E. 55th St. New York|Lespinasse|New York|2 E. 55th St.
Lincoln Tavern 51 W. 64th St. New York|Lincoln Tavern|New York|51 W. 64th St.
Lola 30 West 22nd St.  between 5th and 6th Ave. New York|Lola|New York|30 West 22nd St.  between 5th and 6th Ave.
Lucky Strike 59 Grand St.  between Wooster St. and W. Broadway New York|Lucky Strike|Broadway New York|59 Grand St.  between Wooster St. and W.
Lut&egrave;ce 249 E. 50th St. New York|Lut&egrave;ce|New York|249 E. 50th St.
Mad Fish 2182 Broadway  between 77th and 78th Sts. New York|Mad Fish|New York|2182 Broadway  between 77th and 78th Sts.
Main Street 446 Columbus Ave.  between 81st and 82nd Sts. New York|Main Street|New York|446 Columbus Ave.  between 81st and 82nd Sts.
Mangia e Bevi 800 9th Ave. at 53rd St. New York|Mangia e Bevi|New York|800 9th Ave. at 53rd St.
Manhattan Caf&eacute; 1161 1st Ave.  between 63rd and 64th Sts. New York|Manhattan Caf&eacute;|New York|1161 1st Ave.  between 63rd and 64th Sts.
Manhattan Ocean Club 57 W. 58th St. New York|Manhattan Ocean Club|New York|57 W. 58th St.
Manila Garden 325 E. 14th St.  between 1st and 2nd Aves. New York|Manila Garden|New York|325 E. 14th St.  between 1st and 2nd Aves.
March 405 E. 58th St. New York|March|New York|405 E. 58th St.
Marichu 342 E. 46th St.  between 1st and 2nd Aves. New York|Marichu|New York|342 E. 46th St.  between 1st and 2nd Aves.
Marquet Patisserie 15 E. 12th St.  between 5th Ave. and University Pl. New York|Marquet Patisserie|New York|15 E. 12th St.  between 5th Ave. and University Pl.
Match 160 Mercer St.  between Houston and Prince Sts. New York|Match|New York|160 Mercer St.  between Houston and Prince Sts.
Matthew's 1030 3rd Ave. at 61st St. New York|Matthew's|New York|1030 3rd Ave. at 61st St.
Mavalli Palace 46 E. 29th St. New York|Mavalli Palace|New York|46 E. 29th St.
Mesa Grill 102 5th Ave.  between 15th and 16th Sts. New York|Mesa Grill|New York|102 5th Ave.  between 15th and 16th Sts.
Mi Cocina 57 Jane St.  off Hudson St. New York|Mi Cocina|New York|57 Jane St.  off Hudson St.
Milan Caf&eacute; and Coffee Bar 120 W. 23rd St. New York|Milan Caf&eacute; and Coffee Bar|New York|120 W. 23rd St.
Monkey Bar 60 E. 54th St. New York|Monkey Bar|New York|60 E. 54th St.
Montien 1134 1st Ave.   between 62nd and 63rd Sts. New York|Montien|New York|1134 1st Ave.   between 62nd and 63rd Sts.
Montrachet 239 W. Broadway  between Walker and White Sts. New York|Montrachet|New York|239 W. Broadway  between Walker and White Sts.
Morton's 551 5th Ave. at 45th St. New York|Morton's|New York|551 5th Ave. at 45th St.
Motown Cafe 104 W. 57th St.  near 6th Ave. New York|Motown Cafe|New York|104 W. 57th St.  near 6th Ave.
New York Kom Tang Soot Bul House 32 W. 32nd St. New York|New York Kom Tang Soot Bul House|New York|32 W. 32nd St.
New York Noodletown 28 1/2 Bowery at Bayard St. New York|New York Noodletown|New York|28 1/2 Bowery at Bayard St.
Newsbar 2 W. 19th St. New York|Newsbar|New York|2 W. 19th St.
Oceana 55 E. 54th St. New York|Oceana|New York|55 E. 54th St.
Odeon 145 W. Broadway at Thomas St. New York|Odeon|New York|145 W. Broadway at Thomas St.
Orso 322 W. 46th St. New York|Orso|New York|322 W. 46th St.
Osteria al Droge 142 W. 44th St. New York|Osteria al Droge|New York|142 W. 44th St.
Otabe 68 E. 56th St. New York|Otabe|New York|68 E. 56th St.
Pacifica 138 Lafayette St.  between Canal and Howard Sts. New York|Pacifica|New York|138 Lafayette St.  between Canal and Howard Sts.
Palio 151 W. 51st. St. New York|Palio|St. New York|151 W. 51st.
Pamir 1065 1st Ave.  at 58th St. New York|Pamir|New York|1065 1st Ave.  at 58th St.
Parioli Romanissimo 24 E. 81st St. New York|Parioli Romanissimo|New York|24 E. 81st St.
Park Avenue Cafe 100 E. 63rd St. New York|Park Avenue Cafe|New York|100 E. 63rd St.
Patria 250 Park Ave. S at 20th St. New York|Patria|New York|250 Park Ave. S at 20th St.
Peacock Alley 301 Park Ave.  between 49th and 50th Sts. New York|Peacock Alley|New York|301 Park Ave.  between 49th and 50th Sts.
Pen & Pencil 205 E. 45th St. New York|Pen & Pencil|New York|205 E. 45th St.
Penang SoHo 109 Spring St.  between Greene and Mercer Sts. New York|Penang SoHo|New York|109 Spring St.  between Greene and Mercer Sts.
Persepolis 1423 2nd Ave.  between 74th and 75th Sts. New York|Persepolis|New York|1423 2nd Ave.  between 74th and 75th Sts.
Petrossian 182 W. 58th St. New York|Petrossian|New York|182 W. 58th St.
Picholine 35 W. 64th St. New York|Picholine|New York|35 W. 64th St.
Pisces 95 Ave. A at 6th St. New York|Pisces|New York|95 Ave. A at 6th St.
Planet Hollywood 140 W. 57th St. New York|Planet Hollywood|New York|140 W. 57th St.
Pomaire 371 W. 46th St.  off 9th Ave. New York|Pomaire|New York|371 W. 46th St.  off 9th Ave.
Popover Caf&eacute; 551 Amsterdam Ave.  between 86th and 87th Sts. New York|Popover Caf&eacute;|New York|551 Amsterdam Ave.  between 86th and 87th Sts.
Post House 28 E. 63rd St. New York|Post House|New York|28 E. 63rd St.
Rain 100 W. 82nd St. New York|Rain|New York|100 W. 82nd St.
Rainbow Room 30 Rockefeller Plaza New York|Rainbow Room|New York|30 Rockefeller Plaza
Red Tulip 439 E. 75th St. New York|Red Tulip|New York|439 E. 75th St.
Remi 145 W. 53rd St. New York|Remi|New York|145 W. 53rd St.
Republic 37A Union Sq. W  between 16th and 17th Sts. New York|Republic|New York|37A Union Sq. W  between 16th and 17th Sts.
River Caf&eacute; 1 Water St. at the East River Brooklyn|River Caf&eacute;|at the East River Brooklyn|1 Water St.
Roettelle A. G 126 E. 7th St.  between 1st Ave. and Ave. A New York|Roettelle A. G|A New York|126 E. 7th St.  between 1st Ave. and Ave.
Rosa Mexicano 1063 1st Ave. at 58th St. New York|Rosa Mexicano|New York|1063 1st Ave. at 58th St.
Ruth's Chris 148 W. 51st St. New York|Ruth's Chris|New York|148 W. 51st St.
S.P.Q.R 133 Mulberry St.  between Hester and Grand Sts. New York|S.P.Q.R|New York|133 Mulberry St.  between Hester and Grand Sts.
Sal Anthony's 55 Irving Pl. New York|Sal Anthony's|New York|55 Irving Pl.
Sammy's Roumanian Steak House 157 Chrystie St. at Delancey St. New York|Sammy's Roumanian Steak House|New York|157 Chrystie St. at Delancey St.
San Domenico 240 Central Park S New York|San Domenico|New York|240 Central Park S
San Pietro 18 E. 54th St. New York|San Pietro|New York|18 E. 54th St.
Sant Ambroeus 1000 Madison Ave.  between 77th and 78th Sts. New York|Sant Ambroeus|New York|1000 Madison Ave.  between 77th and 78th Sts.
Sarabeth's Kitchen 423 Amsterdam Ave.  between 80th and 81st Sts. New York|Sarabeth's Kitchen|New York|423 Amsterdam Ave.  between 80th and 81st Sts.
Sea Grill 19 W. 49th St. New York|Sea Grill|New York|19 W. 49th St.
Second Avenue Deli 156 2nd Ave. at 10th St. New York|Second Avenue Deli|New York|156 2nd Ave. at 10th St.
Serendipity 3 225 E. 60th St. New York|Serendipity|New York|3 225 E. 60th St.
Seryna 11 E. 53rd St. New York|Seryna|New York|11 E. 53rd St.
Seventh Regiment Mess and Bar 643 Park Ave. at 66th St. New York|Seventh Regiment Mess and Bar|New York|643 Park Ave. at 66th St.
Sfuzzi 58 W. 65th St. New York|Sfuzzi|New York|58 W. 65th St.
Shaan 57 W. 48th St. New York|Shaan|New York|57 W. 48th St.
Shun Lee West 43 W. 65th St. New York|Shun Lee West|New York|43 W. 65th St.
Sign of the Dove 1110 3rd Ave. at 65th St. New York|Sign of the Dove|New York|1110 3rd Ave. at 65th St.
Smith & Wollensky 201 E. 49th St. New York|Smith & Wollensky|New York|201 E. 49th St.
Sofia Fabulous Pizza 1022 Madison Ave.  near 79th St. New York|Sofia Fabulous Pizza|New York|1022 Madison Ave.  near 79th St.
Spring Street Natural Restaurant & Bar 62 Spring St. at Lafayette St. New York|Spring Street Natural Restaurant & Bar|New York|62 Spring St. at Lafayette St.
Stage Deli 834 7th Ave.  between 53rd and 54th Sts. New York|Stage Deli|New York|834 7th Ave.  between 53rd and 54th Sts.
Stingray 428 Amsterdam Ave.  between 80th and 81st Sts. New York|Stingray|New York|428 Amsterdam Ave.  between 80th and 81st Sts.
Sweet'n'Tart Cafe 76 Mott St. at Canal St. New York|Sweet'n'Tart Cafe|New York|76 Mott St. at Canal St.
T Salon 143 Mercer St. at Prince St. New York|T Salon|New York|143 Mercer St. at Prince St.
Tang Pavillion 65 W. 55th St. New York|Tang Pavillion|New York|65 W. 55th St.
Tapika 950 8th Ave. at 56th St. New York|Tapika|New York|950 8th Ave. at 56th St.
Tavern on the Green In Central Park at 67th St. New York|Tavern on the Green In Central Park at|New York|67th St.
Teresa's 103 1st Ave.  between 6th and 7th Sts. New York|Teresa's|New York|103 1st Ave.  between 6th and 7th Sts.
Terrace 400 W. 119th St.  between Amsterdam and Morningside Aves. New York|Terrace|New York|400 W. 119th St.  between Amsterdam and Morningside Aves.
The Coffee Pot 350 9th Ave. at 49th St. New York|The Coffee Pot|New York|350 9th Ave. at 49th St.
The Savannah Club 2420 Broadway at 89th St. New York|The Savannah Club|New York|2420 Broadway at 89th St.
Trattoria Dell'Arte 900 7th Ave.  between 56th and 57th Sts. New York|Trattoria Dell'Arte|New York|900 7th Ave.  between 56th and 57th Sts.
Triangolo 345 E. 83rd St. New York|Triangolo|New York|345 E. 83rd St.
Tribeca Grill 375 Greenwich St.  near Franklin St. New York|Tribeca Grill|New York|375 Greenwich St.  near Franklin St.
Trois Jean 154 E. 79th St.  between Lexington and 3rd Aves. New York|Trois Jean|New York|154 E. 79th St.  between Lexington and 3rd Aves.
Tse Yang 34 E. 51st St. New York|Tse Yang|New York|34 E. 51st St.
Turkish Kitchen 386 3rd Ave.  between 27th and 28th Sts. New York|Turkish Kitchen|New York|386 3rd Ave.  between 27th and 28th Sts.
Two Two Two 222 W. 79th St. New York|Two Two Two|New York|222 W. 79th St.
Uncle Nick's 747 9th Ave.  between 50th and 51st Sts. New York|Uncle Nick's|New York|747 9th Ave.  between 50th and 51st Sts.
Union Square Cafe 21 E. 16th St. New York|Union Square Cafe|New York|21 E. 16th St.
Veniero's Pasticceria 342 E. 11th St.  near 1st Ave. New York|Veniero's Pasticceria|New York|342 E. 11th St.  near 1st Ave.
Verbena 54 Irving Pl. at 17th St. New York|Verbena|New York|54 Irving Pl. at 17th St.
Victor's Caf&eacute; 52 236 W. 52nd St. New York|Victor's Caf&eacute;|New York|52 236 W. 52nd St.
Vince & Eddie's 70 W. 68th St. New York|Vince & Eddie's|New York|70 W. 68th St.
Virgil's 152 W. 44th St. New York|Virgil's|New York|152 W. 44th St.
Vong 200 E. 54th St. New York|Vong|New York|200 E. 54th St.
Water Club 500 E. 30th St. New York|Water Club|New York|500 E. 30th St.
West 63rd Street Steakhouse 44 W. 63rd St. New York|West|New York|63rd Street Steakhouse 44 W. 63rd St.
Xunta 174 1st Ave.  between 10th and 11th Sts. New York|Xunta|New York|174 1st Ave.  between 10th and 11th Sts.
Zen Palate 34 Union Sq. E at 16th St. New York|Zen Palate|New York|34 Union Sq. E at 16th St.
Zo&euml; 90 Prince St.  between Broadway and Mercer St. New York|Zo&euml;|New York|90 Prince St.  between Broadway and Mercer St.
Abbey 163 Ponce de Leon Ave. Atlanta|Abbey|Atlanta|163 Ponce de Leon Ave.
Abruzzi 2355 Peachtree Rd.  Peachtree Battle Shopping Center Atlanta|Abruzzi|Peachtree Battle Shopping Center Atlanta|2355 Peachtree Rd.
Aleck's Barbecue Heaven 783 Martin Luther King Jr. Dr. Atlanta|Aleck's Barbecue Heaven|Dr. Atlanta|783 Martin Luther King Jr.
Annie's Thai Castle 3195 Roswell Rd. Atlanta|Annie's Thai Castle|Atlanta|3195 Roswell Rd.
Anthonys 3109 Piedmont Rd.  just south of Peachtree Rd. Atlanta|Anthonys|Atlanta|3109 Piedmont Rd.  just south of Peachtree Rd.
Atlanta Fish Market 265 Pharr Rd. Atlanta|Atlanta Fish Market|Atlanta|265 Pharr Rd.
Bacchanalia 3125 Piedmont Rd.  near Peachtree Rd. Atlanta|Bacchanalia|Atlanta|3125 Piedmont Rd.  near Peachtree Rd.
Beesley's of Buckhead 260 E. Paces Ferry Road Atlanta|Beesley's of Buckhead|Paces Ferry Road Atlanta|260 E.
Bertolini's 3500 Peachtree Rd.  Phipps Plaza Atlanta|Bertolini's|Phipps Plaza Atlanta|3500 Peachtree Rd.
Bistango 1100 Peachtree St. Atlanta|Bistango|Atlanta|1100 Peachtree St.
Bone's 3130 Piedmont Road Atlanta|Bone's|Atlanta|3130 Piedmont Road
Brasserie Le Coze 3393 Peachtree Rd.  Lenox Square Mall  near Neiman Marcus Atlanta|Brasserie Le Coze|Lenox Square Mall  near Neiman Marcus Atlanta|3393 Peachtree Rd.
Buckhead Diner 3073 Piedmont Road Atlanta|Buckhead Diner|Atlanta|3073 Piedmont Road
Caf&eacute;  Ritz-Carlton  Buckhead 3434 Peachtree Rd. Atlanta|Caf&eacute;  Ritz-Carlton  Buckhead|Atlanta|3434 Peachtree Rd.
Cafe Renaissance 7050 Jimmy Carter Blvd.  Norcross Atlanta|Cafe Renaissance|Norcross Atlanta|7050 Jimmy Carter Blvd.
Camille's 1186 N. Highland Ave. Atlanta|Camille's|Atlanta|1186 N. Highland Ave.
Cassis 3300 Peachtree Rd.  Grand Hyatt Atlanta|Cassis|Grand Hyatt Atlanta|3300 Peachtree Rd.
Ciboulette 1529 Piedmont Ave. Atlanta|Ciboulette|Atlanta|1529 Piedmont Ave.
City Grill 50 Hurt Plaza Atlanta|City Grill|Atlanta|50 Hurt Plaza
Coco Loco 40  Buckhead Crossing Mall on the Sidney Marcus Blvd. Atlanta|Coco Loco|Atlanta|40  Buckhead Crossing Mall on the Sidney Marcus Blvd.
Colonnade Restaurant 1879 Cheshire Bridge Rd. Atlanta|Colonnade Restaurant|Atlanta|1879 Cheshire Bridge Rd.
Dante's Down the Hatch  Buckhead 3380 Peachtree Rd. Atlanta|Dante's Down the Hatch  Buckhead|Atlanta|3380 Peachtree Rd.
Delectables 1 Margaret Mitchell Sq. Atlanta|Delectables|Atlanta|1 Margaret Mitchell Sq.
Dining Room  Ritz-Carlton  Buckhead 3434 Peachtree Rd. Atlanta|Dining Room  Ritz-Carlton  Buckhead|Atlanta|3434 Peachtree Rd.
Fat Matt's Rib Shack 1811 Piedmont Ave.  near Cheshire Bridge Rd. Atlanta|Fat Matt's Rib Shack|Atlanta|1811 Piedmont Ave.  near Cheshire Bridge Rd.
French Quarter Food Shop 923 Peachtree St.  at 8th St. Atlanta|French Quarter Food Shop|Atlanta|923 Peachtree St.  at 8th St.
Georgia Grille 2290 Peachtree Rd.  Peachtree Square Shopping Center Atlanta|Georgia Grille|Peachtree Square Shopping Center Atlanta|2290 Peachtree Rd.
Hedgerose Heights Inn 490 E. Paces Ferry Rd. Atlanta|Hedgerose Heights Inn|Atlanta|490 E. Paces Ferry Rd.
Heera of India 595 Piedmont Ave.  Rio Shopping Mall Atlanta|Heera of India|Rio Shopping Mall Atlanta|595 Piedmont Ave.
Holt Bros. Bar-B-Q 6359 Jimmy Carter Blvd.  at Buford Hwy.  Norcross Atlanta|Holt Bros. Bar-B-Q|Norcross Atlanta|6359 Jimmy Carter Blvd.  at Buford Hwy.
Horseradish Grill 4320 Powers Ferry Rd. Atlanta|Horseradish Grill|Atlanta|4320 Powers Ferry Rd.
Hsu's Gourmet 192 Peachtree Center Ave.  at International Blvd. Atlanta|Hsu's Gourmet|Atlanta|192 Peachtree Center Ave.  at International Blvd.
Imperial Fez 2285 Peachtree Rd.  Peachtree Battle Condominium Atlanta|Imperial Fez|Peachtree Battle Condominium Atlanta|2285 Peachtree Rd.
Indigo Coastal Grill 1397 N. Highland Ave. Atlanta|Indigo Coastal Grill|Atlanta|1397 N. Highland Ave.
Kamogawa 3300 Peachtree Rd.  Grand Hyatt Atlanta|Kamogawa|Grand Hyatt Atlanta|3300 Peachtree Rd.
La Grotta 2637 Peachtree Rd.  Peachtree House Condominium Atlanta|La Grotta|Peachtree House Condominium Atlanta|2637 Peachtree Rd.
Lowcountry Barbecue 6301 Roswell Rd.  Sandy Springs Plaza  Sandy Springs Atlanta|Lowcountry Barbecue|Sandy Springs Plaza  Sandy Springs Atlanta|6301 Roswell Rd.
Luna S&iacute; 1931 Peachtree Rd. Atlanta|Luna S&iacute;|Atlanta|1931 Peachtree Rd.
Mambo Restaurante Cubano 1402 N. Highland Ave. Atlanta|Mambo Restaurante Cubano|Atlanta|1402 N. Highland Ave.
Mary Mac's Tea Room 224 Ponce de Leon Ave. Atlanta|Mary Mac's Tea Room|Atlanta|224 Ponce de Leon Ave.
McKinnon's Louisiane 3209 Maple Dr. Atlanta|McKinnon's Louisiane|Atlanta|3209 Maple Dr.
Nickiemoto's: A Sushi Bar 247 Buckhead Ave.  East Village Sq. Atlanta|Nickiemoto's: A Sushi Bar|Atlanta|247 Buckhead Ave.  East Village Sq.
Nikolai's Roof 255 Courtland St.  at Harris St. Atlanta|Nikolai's Roof|Atlanta|255 Courtland St.  at Harris St.
Palisades 1829 Peachtree Rd. Atlanta|Palisades|Atlanta|1829 Peachtree Rd.
Pano's and Paul's 1232 W. Paces Ferry Rd. Atlanta|Pano's and Paul's|Atlanta|1232 W. Paces Ferry Rd.
Pleasant Peasant 555 Peachtree St.  at Linden Ave. Atlanta|Pleasant Peasant|Atlanta|555 Peachtree St.  at Linden Ave.
Pricci 500 Pharr Rd. Atlanta|Pricci|Atlanta|500 Pharr Rd.
R.J.'s Uptown Kitchen & Wine Bar 870 N. Highland Ave. Atlanta|R.J.'s Uptown Kitchen & Wine Bar|Atlanta|870 N. Highland Ave.
Restaurant  Ritz-Carlton  Atlanta 181 Peachtree St. Atlanta|Restaurant  Ritz-Carlton  Atlanta|Atlanta|181 Peachtree St.
Rib Ranch 25 Irby Ave. Atlanta|Rib Ranch|Atlanta|25 Irby Ave.
Sa Tsu Ki 3043 Buford Hwy. Atlanta|Sa Tsu Ki|Atlanta|3043 Buford Hwy.
Sato Sushi and Thai 6050 Peachtree Pkwy.  Norcross Atlanta|Sato Sushi and Thai|Norcross Atlanta|6050 Peachtree Pkwy.
South City Kitchen 1144 Crescent Ave. Atlanta|South City Kitchen|Atlanta|1144 Crescent Ave.
South of France 2345 Cheshire Bridge Rd. Atlanta|South of France|Atlanta|2345 Cheshire Bridge Rd.
Stringer's Fish Camp and Oyster Bar 3384 Shallowford Rd.  Chamblee Atlanta|Stringer's Fish Camp and Oyster Bar|Chamblee Atlanta|3384 Shallowford Rd.
Sundown Cafe 2165 Cheshire Bridge Rd. Atlanta|Sundown Cafe|Atlanta|2165 Cheshire Bridge Rd.
Taste of New Orleans 889 W. Peachtree St. Atlanta|Taste of New Orleans|Atlanta|889 W. Peachtree St.
TomTom 3393 Peachtree Rd. Atlanta|TomTom|Atlanta|3393 Peachtree Rd.
Veni Vidi Vici 41 14th St. Atlanta|Veni Vidi Vici|Atlanta|41 14th St.
Antonio's 3700 W. Flamingo Las Vegas|Antonio's|Flamingo Las Vegas|3700 W.
Bally's Big Kitchen 3645 Las Vegas Blvd. S Las Vegas|Bally's Big Kitchen|S Las Vegas|3645 Las Vegas Blvd.
Bamboo Garden 4850 Flamingo Rd. Las Vegas|Bamboo Garden|Las Vegas|4850 Flamingo Rd.
Battista's Hole in the Wall 4041 Audrie St. at Flamingo Rd. Las Vegas|Battista's Hole in the Wall|Las Vegas|4041 Audrie St. at Flamingo Rd.
Bertolini's 3570 Las Vegas Blvd. S Las Vegas|Bertolini's|S Las Vegas|3570 Las Vegas Blvd.
Binion's Coffee Shop 128 Fremont St. Las Vegas|Binion's Coffee Shop|Las Vegas|128 Fremont St.
Bistro 3400 Las Vegas Blvd. S Las Vegas|Bistro|S Las Vegas|3400 Las Vegas Blvd.
Broiler 4111 Boulder Hwy. Las Vegas|Broiler|Las Vegas|4111 Boulder Hwy.
Bugsy's Diner 3555 Las Vegas Blvd. S Las Vegas|Bugsy's Diner|S Las Vegas|3555 Las Vegas Blvd.
Caf&eacute; Michelle 1350 E. Flamingo Rd. Las Vegas|Caf&eacute; Michelle|Las Vegas|1350 E. Flamingo Rd.
Cafe Roma 3570 Las Vegas Blvd. S Las Vegas|Cafe Roma|S Las Vegas|3570 Las Vegas Blvd.
Capozzoli's 3333 S. Maryland Pkwy. Las Vegas|Capozzoli's|Las Vegas|3333 S. Maryland Pkwy.
Carnival World 3700 W. Flamingo Rd. Las Vegas|Carnival World|Las Vegas|3700 W. Flamingo Rd.
Center Stage Plaza Hotel  1 Main St. Las Vegas|Center Stage Plaza Hotel|Las Vegas|1 Main St.
Chin's 3200 Las Vegas Blvd. S Las Vegas|Chin's|S Las Vegas|3200 Las Vegas Blvd.
Circus Circus 2880 Las Vegas Blvd. S Las Vegas|Circus Circus|S Las Vegas|2880 Las Vegas Blvd.
Coyote Caf&eacute; 3799 Las Vegas Blvd. S Las Vegas|Coyote Caf&eacute;|S Las Vegas|3799 Las Vegas Blvd.
Empress Court 3570 Las Vegas Blvd. S Las Vegas|Empress Court|S Las Vegas|3570 Las Vegas Blvd.
Feast 2411 W. Sahara Ave. Las Vegas|Feast|Las Vegas|2411 W. Sahara Ave.
Golden Nugget Hotel 129 E. Fremont St. Las Vegas|Golden Nugget Hotel|Las Vegas|129 E. Fremont St.
Golden Steer 308 W. Sahara Ave. Las Vegas|Golden Steer|Las Vegas|308 W. Sahara Ave.
Le Montrachet 3000 W. Paradise Rd. Las Vegas|Le Montrachet|Las Vegas|3000 W. Paradise Rd.
Lillie Langtry's 129 E. Fremont St. Las Vegas|Lillie Langtry's|Las Vegas|129 E. Fremont St.
Mandarin Court 1510 E. Flamingo Rd. Las Vegas|Mandarin Court|Las Vegas|1510 E. Flamingo Rd.
Margarita's Mexican Cantina 3120 Las Vegas Blvd. S Las Vegas|Margarita's Mexican Cantina|S Las Vegas|3120 Las Vegas Blvd.
Mary's Diner 5111 W. Boulder Hwy. Las Vegas|Mary's Diner|Las Vegas|5111 W. Boulder Hwy.
Mikado 3400 Las Vegas Blvd. S Las Vegas|Mikado|S Las Vegas|3400 Las Vegas Blvd.
Palace Court 3570 Las Vegas Blvd. S Las Vegas|Palace Court|S Las Vegas|3570 Las Vegas Blvd.
Pamplemousse 400 E. Sahara Ave. Las Vegas|Pamplemousse|Las Vegas|400 E. Sahara Ave.
Ralph's Diner 3000 Las Vegas Blvd. S Las Vegas|Ralph's Diner|S Las Vegas|3000 Las Vegas Blvd.
Second Street Grille 200 E. Fremont St. Las Vegas|Second Street Grille|Las Vegas|200 E. Fremont St.
Steak House 2880 Las Vegas Blvd. S Las Vegas|Steak House|S Las Vegas|2880 Las Vegas Blvd.
The Bacchanal 3570 Las Vegas Blvd. S Las Vegas|The Bacchanal|S Las Vegas|3570 Las Vegas Blvd.
Tillerman 2245 E. Flamingo Rd. Las Vegas|Tillerman|Las Vegas|2245 E. Flamingo Rd.
Venetian 3713 W. Sahara Ave. Las Vegas|Venetian|Las Vegas|3713 W. Sahara Ave.
Viva Mercado's 6182 W. Flamingo Rd. Las Vegas|Viva Mercado's|Las Vegas|6182 W. Flamingo Rd.
Yolie's 3900 Paradise Rd. Las Vegas|Yolie's|Las Vegas|3900 Paradise Rd.
2223 2223 Market St. San Francisco|2223|San Francisco|Market St.
Acquarello 1722 Sacramento St. San Francisco|Acquarello|San Francisco|1722 Sacramento St.
Alain Rondelli 126 Clement St. San Francisco|Alain Rondelli|San Francisco|126 Clement St.
Aqua 252 California St. San Francisco|Aqua|San Francisco|252 California St.
Bardelli's 243 O'Farrell St. San Francisco|Bardelli's|San Francisco|243 O'Farrell St.
Betelnut 2030 Union St. San Francisco|Betelnut|San Francisco|2030 Union St.
Bistro Roti 155 Steuart St. San Francisco|Bistro Roti|San Francisco|155 Steuart St.
Bix 56 Gold St. San Francisco|Bix|San Francisco|56 Gold St.
Bizou 598 Fourth St. San Francisco|Bizou|San Francisco|598 Fourth St.
Boulevard 1 Mission St. San Francisco|Boulevard|San Francisco|1 Mission St.
Buca Giovanni 800 Greenwich St. San Francisco|Buca Giovanni|San Francisco|800 Greenwich St.
Caf&eacute; Adriano 3347 Fillmore St. San Francisco|Caf&eacute; Adriano|San Francisco|3347 Fillmore St.
Caf&eacute; Claude 7 Claude La. San Francisco|Caf&eacute; Claude|San Francisco|7 Claude La.
Caf&eacute; Marimba 2317 Chestnut St. San Francisco|Caf&eacute; Marimba|San Francisco|2317 Chestnut St.
California Culinary Academy 625 Polk St. San Francisco|California Culinary Academy|San Francisco|625 Polk St.
Campton Place 340 Stockton St. San Francisco|Campton Place|San Francisco|340 Stockton St.
Capp's Corner 1600 Powell St. San Francisco|Capp's Corner|San Francisco|1600 Powell St.
Carta 1772 Market St. San Francisco|Carta|San Francisco|1772 Market St.
Chevys 4th and Howard Sts. San Francisco|Chevys|San Francisco|4th and Howard Sts.
Chez Michel 804 Northpoint San Francisco|Chez Michel|San Francisco|804 Northpoint
Cypress Club 500 Jackson St. San Francisco|Cypress Club|San Francisco|500 Jackson St.
Des Alpes 732 Broadway San Francisco|Des Alpes|San Francisco|732 Broadway
Faz 161 Sutter St. San Francisco|Faz|San Francisco|161 Sutter St.
Fleur de Lys 777 Sutter St. San Francisco|Fleur de Lys|San Francisco|777 Sutter St.
Fog City Diner 1300 Battery St. San Francisco|Fog City Diner|San Francisco|1300 Battery St.
Fringale 570 4th St. San Francisco|Fringale|San Francisco|570 4th St.
Grand Caf&eacute; Hotel Monaco 501 Geary St. San Francisco|Grand Caf&eacute; Hotel Monaco|San Francisco|501 Geary St.
Harbor Village 4 Embarcadero Center San Francisco|Harbor Village|San Francisco|4 Embarcadero Center
Harris' 2100 Van Ness Ave. San Francisco|Harris'|San Francisco|2100 Van Ness Ave.
Harry Denton's 161 Steuart St. San Francisco|Harry Denton's|San Francisco|161 Steuart St.
Hawthorne Lane 22 Hawthorne St. San Francisco|Hawthorne Lane|San Francisco|22 Hawthorne St.
Hayes Street Grill 320 Hayes St. San Francisco|Hayes Street Grill|San Francisco|320 Hayes St.
Helmand 430 Broadway San Francisco|Helmand|San Francisco|430 Broadway
Hong Kong Flower Lounge 5322 Geary Blvd. San Francisco|Hong Kong Flower Lounge|San Francisco|5322 Geary Blvd.
Hong Kong Villa 2332 Clement St. San Francisco|Hong Kong Villa|San Francisco|2332 Clement St.
Hyde Street Bistro 1521 Hyde St. San Francisco|Hyde Street Bistro|San Francisco|1521 Hyde St.
Il Fornaio Levi's Plaza 1265 Battery St. San Francisco|Il Fornaio Levi's Plaza|San Francisco|1265 Battery St.
Izzy's Steak & Chop House 3345 Steiner St. San Francisco|Izzy's Steak & Chop House|San Francisco|3345 Steiner St.
Jack's 615 Sacramento St. San Francisco|Jack's|San Francisco|615 Sacramento St.
Kabuto Sushi 5116 Geary Blvd. San Francisco|Kabuto Sushi|San Francisco|5116 Geary Blvd.
Katia's 600 5th Ave. San Francisco|Katia's|San Francisco|600 5th Ave.
Khan Toke Thai House 5937 Geary Blvd. San Francisco|Khan Toke Thai House|San Francisco|5937 Geary Blvd.
Kuleto's 221 Powell St. San Francisco|Kuleto's|San Francisco|221 Powell St.
Kyo-ya. Sheraton Palace Hotel  2 New Montgomery St.  at Market St. San Francisco|Kyo-ya. Sheraton Palace Hotel|San Francisco|2 New Montgomery St.  at Market St.
L'Osteria del Forno 519 Columbus Ave. San Francisco|L'Osteria del Forno|San Francisco|519 Columbus Ave.
La Folie 2316 Polk St. San Francisco|La Folie|San Francisco|2316 Polk St.
Le Central 453 Bush St. San Francisco|Le Central|San Francisco|453 Bush St.
Le Soleil 133 Clement St. San Francisco|Le Soleil|San Francisco|133 Clement St.
LuLu 816 Folsom St. San Francisco|LuLu|San Francisco|816 Folsom St.
MacArthur Park 607 Front St. San Francisco|MacArthur Park|San Francisco|607 Front St.
Manora 3226 Mission St. San Francisco|Manora|San Francisco|3226 Mission St.
Masa's 648 Bush St. San Francisco|Masa's|San Francisco|648 Bush St.
Maykadeh 470 Green St. San Francisco|Maykadeh|San Francisco|470 Green St.
Mifune Japan Center  Kintetsu Building  1737 Post St. San Francisco|Mifune Japan Center  Kintetsu Building|San Francisco|1737 Post St.
Millennium 246 McAllister St. San Francisco|Millennium|San Francisco|246 McAllister St.
Moose's 1652 Stockton St. San Francisco|Moose's|San Francisco|1652 Stockton St.
North India 3131 Webster St. San Francisco|North India|San Francisco|3131 Webster St.
One Market 1 Market St. San Francisco|One Market|San Francisco|1 Market St.
Oritalia 1915 Fillmore St. San Francisco|Oritalia|San Francisco|1915 Fillmore St.
Pacific Pan Pacific Hotel  500 Post St. San Francisco|Pacific Pan Pacific Hotel|San Francisco|500 Post St.
Palio d'Asti 640 Sacramento St. San Francisco|Palio d'Asti|San Francisco|640 Sacramento St.
Pane e Vino 3011 Steiner St. San Francisco|Pane e Vino|San Francisco|3011 Steiner St.
Pastis 1015 Battery St. San Francisco|Pastis|San Francisco|1015 Battery St.
Perry's 1944 Union St. San Francisco|Perry's|San Francisco|1944 Union St.
PlumpJack Caf&eacute; 3201 Fillmore St. San Francisco|PlumpJack Caf&eacute;|San Francisco|3201 Fillmore St.
Postrio 545 Post St. San Francisco|Postrio|San Francisco|545 Post St.
R&G Lounge 631 B Kearny St. San Francisco|R&G Lounge|San Francisco|631 B Kearny St.
Ritz-Carlton Restaurant and Dining Room 600 Stockton St. San Francisco|Ritz-Carlton Restaurant and Dining Room|San Francisco|600 Stockton St.
Rose Pistola 532 Columbus Ave. San Francisco|Rose Pistola|San Francisco|532 Columbus Ave.
Rubicon 558 Sacramento St. San Francisco|Rubicon|San Francisco|558 Sacramento St.
Rumpus 1 Tillman Pl. San Francisco|Rumpus|San Francisco|1 Tillman Pl.
Sanppo 1702 Post St. San Francisco|Sanppo|San Francisco|1702 Post St.
Scala's Bistro 432 Powell St. San Francisco|Scala's Bistro|San Francisco|432 Powell St.
South Park Cafe 108 South Park San Francisco|South Park Cafe|San Francisco|108 South Park
Splendido Embarcadero 4 San Francisco|Splendido|San Francisco|Embarcadero 4
Stars 150 Redwood Alley San Francisco|Stars|San Francisco|150 Redwood Alley
Stars Cafe 500 Van Ness Ave. San Francisco|Stars Cafe|San Francisco|500 Van Ness Ave.
Stoyanof's Cafe 1240 9th Ave. San Francisco|Stoyanof's Cafe|San Francisco|1240 9th Ave.
Straits Cafe 3300 Geary Blvd. San Francisco|Straits Cafe|San Francisco|3300 Geary Blvd.
Suppenkuche 601 Hayes St. San Francisco|Suppenkuche|San Francisco|601 Hayes St.
Tadich Grill 240 California St. San Francisco|Tadich Grill|San Francisco|240 California St.
The Heights 3235 Sacramento St. San Francisco|The Heights|San Francisco|3235 Sacramento St.
Thepin 298 Gough St. San Francisco|Thepin|San Francisco|298 Gough St.
Ton Kiang 3148 Geary Blvd. San Francisco|Ton Kiang|San Francisco|3148 Geary Blvd.
Vertigo 600 Montgomery St. San Francisco|Vertigo|San Francisco|600 Montgomery St.
Vivande Porta Via 2125 Fillmore St. San Francisco|Vivande Porta Via|San Francisco|2125 Fillmore St.
Vivande Ristorante 670 Golden Gate Ave. San Francisco|Vivande Ristorante|San Francisco|670 Golden Gate Ave.
World Wrapps 2257 Chestnut St. San Francisco|World Wrapps|San Francisco|2257 Chestnut St.
Wu Kong 101 Spear St. San Francisco|Wu Kong|San Francisco|101 Spear St.
Yank Sing 427 Battery St. San Francisco|Yank Sing|San Francisco|427 Battery St.
Yaya Cuisine 1220 9th Ave. San Francisco|Yaya Cuisine|San Francisco|1220 9th Ave.
Yoyo Tsumami Bistro 1611 Post St. San Francisco|Yoyo Tsumami Bistro|San Francisco|1611 Post St.
Zarzuela 2000 Hyde St. San Francisco|Zarzuela|San Francisco|2000 Hyde St.
Zuni Caf&eacute; & Grill 1658 Market St. San Francisco|Zuni Caf&eacute; & Grill|San Francisco|1658 Market St.
La Grotta at Ravinia Dunwoody Rd.  Holiday Inn/Crowne Plaza at Ravinia  Dunwoody Atlanta|La Grotta|Atlanta|Dunwoody Rd.  Holiday Inn/Crowne Plaza at Ravinia  Dunwoody
Little Szechuan C Buford Hwy.  Northwoods Plaza  Doraville Atlanta|Little Szechuan|Atlanta|C Buford Hwy.  Northwoods Plaza  Doraville
Mi Spia Dunwoody Rd.  Park Place  across from Perimeter Mall  Dunwoody Atlanta|Mi Spia|Atlanta|Dunwoody Rd.  Park Place  across from Perimeter Mall  Dunwoody
Toulouse B Peachtree Rd. Atlanta|Toulouse|Atlanta|B Peachtree Rd.
Garden Court Market and New Montgomery Sts. San Francisco|Garden Court Market|San Francisco|New Montgomery Sts.
Gaylord's Ghirardelli Sq. San Francisco|Gaylord's|San Francisco|Ghiradelli Sq.
Greens Bldg. A Fort Mason San Francisco|Greens|San Francisco|Landmark Bldg. A Fort Mason
McCormick & Kuleto's Ghirardelli Sq. San Francisco|McCormick & Kuleto's|San Francisco|Ghirardelli Sq.
